ID,Name,StudyHours,Attendance,Marks,Grade,Result,Performance_Score
676,Student_676,9.8,100,68.9,D,Pass,78.03
39,Student_39,7.2,100,58.2,F,Pass,67.94
146,Student_146,1.3,100,46.6,F,Pass,53.92
442,Student_442,9.9,100,91.0,A,Pass,93.6
529,Student_529,1.5,100,72.4,C,Pass,72.18
542,Student_542,6.5,100,46.0,F,Pass,58.7
521,Student_521,6.3,100,71.6,C,Pass,76.42
563,Student_563,2.2,100,90.2,A,Pass,85.34
576,Student_576,9.5,100,87.3,B,Pass,90.61
332,Student_332,7.8,100,87.3,B,Pass,88.91
223,Student_223,1.8,100,79.4,C,Pass,77.38
844,Student_844,9.6,100,66.6,D,Pass,76.22
253,Student_253,8.7,100,96.2,A,Pass,96.04
476,Student_476,9.9,99,89.3,B,Pass,92.21
561,Student_561,7.3,99,91.3,A,Pass,91.01
493,Student_493,3.5,99,59.0,F,Pass,64.6
497,Student_497,6.3,99,99.0,A,Pass,95.4
746,Student_746,9.1,99,72.0,C,Pass,79.3
681,Student_681,8.4,99,71.0,C,Pass,77.9
686,Student_686,6.0,99,46.5,F,Pass,58.35
692,Student_692,4.8,99,95.9,A,Pass,91.73
661,Student_661,4.2,99,79.1,C,Pass,79.37
42,Student_42,5.5,99,45.3,F,Pass,57.01
703,Student_703,4.0,99,47.9,F,Pass,57.33
700,Student_700,5.3,99,69.6,D,Pass,73.82
831,Student_831,3.0,99,90.0,A,Pass,85.8
316,Student_316,7.3,99,78.5,C,Pass,82.05
927,Student_927,3.4,99,86.1,B,Pass,83.47
395,Student_395,4.1,99,86.6,B,Pass,84.52
998,Student_998,2.2,99,90.4,A,Pass,85.28
915,Student_915,6.0,99,97.4,A,Pass,93.98
168,Student_168,2.7,99,42.3,F,Pass,52.11
304,Student_304,6.7,99,93.2,A,Pass,91.74
458,Student_458,5.2,99,85.4,B,Pass,84.78
115,Student_115,6.7,99,99.8,A,Pass,96.36
720,Student_720,7.6,99,76.2,C,Pass,80.74
988,Student_988,4.9,98,77.8,C,Pass,78.96
652,Student_652,5.8,98,76.4,C,Pass,78.88
675,Student_675,4.7,98,59.9,F,Pass,66.23
70,Student_70,9.9,98,78.5,C,Pass,84.45
653,Student_653,6.3,98,77.9,C,Pass,80.43
377,Student_377,8.6,98,83.8,B,Pass,86.86
126,Student_126,4.8,98,62.1,D,Pass,67.87
154,Student_154,5.4,98,84.2,B,Pass,83.94
930,Student_930,3.3,98,90.8,A,Pass,86.46
562,Student_562,2.9,98,53.6,F,Pass,60.02
960,Student_960,7.6,98,59.3,F,Pass,68.71
110,Student_110,1.7,98,58.2,F,Pass,62.04
792,Student_792,6.3,98,80.6,B,Pass,82.32
883,Student_883,1.2,98,69.5,D,Pass,69.45
910,Student_910,4.4,98,58.0,F,Pass,64.6
868,Student_868,2.6,98,56.5,F,Pass,61.75
549,Student_549,5.7,98,77.3,C,Pass,79.41
96,Student_96,5.4,98,77.2,C,Pass,79.04
790,Student_790,9.5,98,64.6,D,Pass,74.32
481,Student_481,6.7,98,71.4,C,Pass,76.28
727,Student_727,2.3,98,65.1,D,Pass,67.47
161,Student_161,4.3,98,97.3,A,Pass,92.01
165,Student_165,1.8,98,66.3,D,Pass,67.81
276,Student_276,5.5,98,83.6,B,Pass,83.62
820,Student_820,4.0,97,99.0,A,Pass,92.7
938,Student_938,9.2,97,60.9,D,Pass,71.23
854,Student_854,9.1,97,63.7,D,Pass,73.09
827,Student_827,4.1,97,49.2,F,Pass,57.94
285,Student_285,6.2,97,51.3,F,Pass,61.51
752,Student_752,9.5,97,74.6,C,Pass,81.12
415,Student_415,6.7,97,98.9,A,Pass,95.33
590,Student_590,2.4,97,65.4,D,Pass,67.58
40,Student_40,5.0,97,55.8,F,Pass,63.46
810,Student_810,2.0,97,85.4,B,Pass,81.18
212,Student_212,7.2,97,78.6,C,Pass,81.62
207,Student_207,1.9,97,62.9,D,Pass,65.33
239,Student_239,6.8,97,89.0,B,Pass,88.5
740,Student_740,4.4,97,76.8,C,Pass,77.56
120,Student_120,5.9,97,71.6,C,Pass,75.42
1,Student_1,4.4,96,59.5,F,Pass,65.25
894,Student_894,4.6,96,91.2,A,Pass,87.64
839,Student_839,6.2,96,98.0,A,Pass,94.0
656,Student_656,2.1,96,54.2,F,Pass,59.24
603,Student_603,2.6,96,58.3,F,Pass,62.61
648,Student_648,7.1,96,86.4,B,Pass,86.78
24,Student_24,4.3,96,64.0,D,Pass,68.3
690,Student_690,2.7,96,70.8,C,Pass,71.46
159,Student_159,3.1,96,87.1,B,Pass,83.27
318,Student_318,2.6,96,74.8,C,Pass,74.16
429,Student_429,4.2,96,73.7,C,Pass,74.99
711,Student_711,7.8,96,58.6,F,Pass,68.02
713,Student_713,5.2,96,97.3,A,Pass,92.51
500,Student_500,9.9,96,51.1,F,Pass,64.87
364,Student_364,5.9,96,55.6,F,Pass,64.02
329,Student_329,4.8,96,60.1,D,Pass,66.07
858,Student_858,5.2,96,53.7,F,Pass,61.99
352,Student_352,8.7,96,74.3,C,Pass,79.91
732,Student_732,8.3,95,96.5,A,Pass,94.85
800,Student_800,9.3,95,69.1,D,Pass,76.67
387,Student_387,3.5,95,56.9,F,Pass,62.33
762,Student_762,3.8,95,80.4,B,Pass,79.08
94,Student_94,6.1,95,78.4,C,Pass,79.98
135,Student_135,9.5,95,55.6,F,Pass,67.42
830,Student_830,5.1,95,85.7,B,Pass,84.09
122,Student_122,9.1,95,47.8,F,Pass,61.56
274,Student_274,9.2,95,40.6,F,Pass,56.62
855,Student_855,2.8,95,42.4,F,Pass,51.48
337,Student_337,8.7,95,66.0,D,Pass,73.9
973,Student_973,7.6,95,77.5,C,Pass,80.85
447,Student_447,9.9,95,72.7,C,Pass,79.79
804,Student_804,6.5,95,63.1,D,Pass,69.67
394,Student_394,8.0,95,67.0,D,Pass,73.9
148,Student_148,5.5,95,67.3,D,Pass,71.61
403,Student_403,5.5,95,64.7,D,Pass,69.79
475,Student_475,5.7,95,79.4,C,Pass,80.28
964,Student_964,4.5,95,98.7,A,Pass,92.59
622,Student_622,2.9,94,80.1,B,Pass,77.77
22,Student_22,2.3,94,95.6,A,Pass,88.02
230,Student_230,6.7,94,66.4,D,Pass,71.98
892,Student_892,8.7,94,52.0,F,Pass,63.9
834,Student_834,2.6,94,55.6,F,Pass,60.32
79,Student_79,4.2,94,70.2,C,Pass,72.14
601,Student_601,2.5,94,97.8,A,Pass,89.76
580,Student_580,3.3,94,80.2,B,Pass,78.24
59,Student_59,1.4,94,92.7,A,Pass,85.09
220,Student_220,8.6,94,74.9,C,Pass,79.83
525,Student_525,8.5,94,83.9,B,Pass,86.03
112,Student_112,2.5,94,81.5,B,Pass,78.35
520,Student_520,2.4,94,73.6,C,Pass,72.72
147,Student_147,6.5,94,72.9,C,Pass,76.33
283,Student_283,4.4,94,84.0,B,Pass,82.0
243,Student_243,9.2,94,55.1,F,Pass,66.57
252,Student_252,4.5,94,99.1,A,Pass,92.67
773,Student_773,2.1,94,74.9,C,Pass,73.33
434,Student_434,1.9,94,44.1,F,Pass,51.57
654,Student_654,7.7,93,75.5,C,Pass,79.15
694,Student_694,3.2,93,45.2,F,Pass,53.44
594,Student_594,4.1,93,56.8,F,Pass,62.46
67,Student_67,2.3,93,81.7,B,Pass,78.09
558,Student_558,1.3,93,81.2,B,Pass,76.74
530,Student_530,8.8,93,82.6,B,Pass,85.22
399,Student_399,7.8,93,43.8,F,Pass,57.06
932,Student_932,8.5,93,45.3,F,Pass,58.81
794,Student_794,6.5,93,61.9,D,Pass,68.43
410,Student_410,1.8,93,96.2,A,Pass,87.74
480,Student_480,5.7,93,52.2,F,Pass,60.84
98,Student_98,4.8,93,49.1,F,Pass,57.77
100,Student_100,2.0,93,86.8,B,Pass,81.36
81,Student_81,8.8,93,48.8,F,Pass,61.56
58,Student_58,2.8,93,62.8,D,Pass,65.36
823,Student_823,4.0,93,63.4,D,Pass,66.98
360,Student_360,6.2,93,56.4,F,Pass,64.28
383,Student_383,6.7,93,79.4,C,Pass,80.88
877,Student_877,7.4,93,62.5,D,Pass,69.75
891,Student_891,7.5,93,97.4,A,Pass,94.28
991,Student_991,8.2,93,59.1,F,Pass,68.17
1000,Student_1000,5.0,93,54.8,F,Pass,61.96
646,Student_646,9.0,92,59.0,F,Pass,68.7
641,Student_641,1.2,92,89.8,B,Pass,82.46
63,Student_63,8.5,92,58.3,F,Pass,67.71
717,Student_717,8.5,92,43.1,F,Pass,57.07
259,Student_259,6.1,92,52.8,F,Pass,61.46
251,Student_251,3.7,92,72.7,C,Pass,72.99
242,Student_242,9.6,92,95.1,A,Pass,94.57
132,Student_132,3.0,92,65.0,D,Pass,66.9
826,Student_826,9.3,92,72.5,C,Pass,78.45
837,Student_837,9.2,92,60.5,D,Pass,69.95
683,Student_683,2.5,92,40.5,F,Pass,49.25
150,Student_150,3.5,92,45.9,F,Pass,54.03
833,Student_833,2.3,92,58.1,F,Pass,61.37
511,Student_511,6.5,91,65.1,D,Pass,70.27
84,Student_84,1.6,91,41.5,F,Pass,48.85
593,Student_593,2.6,91,95.1,A,Pass,87.37
575,Student_575,8.8,91,86.0,B,Pass,87.2
893,Student_893,8.5,91,46.6,F,Pass,59.32
885,Student_885,8.2,91,91.9,A,Pass,90.73
884,Student_884,1.9,91,74.6,C,Pass,72.32
701,Student_701,5.8,91,82.1,B,Pass,81.47
194,Student_194,6.7,91,79.7,C,Pass,80.69
679,Student_679,9.7,91,56.8,F,Pass,67.66
245,Student_245,1.1,91,67.6,D,Pass,66.62
957,Student_957,5.7,91,95.8,A,Pass,90.96
863,Student_863,5.7,91,92.2,A,Pass,88.44
256,Student_256,6.0,91,47.9,F,Pass,57.73
166,Student_166,8.5,91,55.3,F,Pass,65.41
80,Student_80,2.0,91,63.9,D,Pass,64.93
51,Student_51,9.7,91,69.8,D,Pass,76.76
479,Student_479,9.7,91,97.9,A,Pass,96.43
969,Student_969,6.1,91,93.3,A,Pass,89.61
153,Student_153,2.3,90,59.5,F,Pass,61.95
277,Student_277,8.2,90,99.5,A,Pass,95.85
291,Student_291,1.3,90,42.1,F,Pass,48.77
770,Student_770,8.4,90,95.0,A,Pass,92.9
510,Student_510,7.5,90,98.0,A,Pass,94.1
750,Student_750,6.6,90,57.7,F,Pass,64.99
757,Student_757,6.6,90,83.8,B,Pass,83.26
492,Student_492,6.6,90,87.6,B,Pass,85.92
565,Student_565,4.2,90,78.6,C,Pass,77.22
742,Student_742,3.7,90,83.4,B,Pass,80.08
538,Student_538,3.2,90,60.1,D,Pass,63.27
959,Student_959,2.5,90,94.4,A,Pass,86.58
602,Student_602,3.5,90,83.6,B,Pass,80.02
636,Student_636,5.0,90,75.9,C,Pass,76.13
240,Student_240,2.6,90,91.7,A,Pass,84.79
185,Student_185,3.3,90,44.3,F,Pass,52.31
984,Student_984,1.7,90,56.3,F,Pass,59.11
438,Student_438,8.4,90,67.5,D,Pass,73.65
463,Student_463,7.7,90,92.2,A,Pass,90.24
444,Student_444,4.3,90,67.7,D,Pass,69.69
21,Student_21,6.5,90,87.7,B,Pass,85.89
344,Student_344,4.9,90,78.6,C,Pass,77.92
219,Student_219,6.8,89,76.1,C,Pass,77.87
236,Student_236,7.5,89,93.2,A,Pass,90.54
227,Student_227,9.8,89,53.5,F,Pass,65.05
64,Student_64,4.2,89,44.9,F,Pass,53.43
197,Student_197,7.5,89,45.9,F,Pass,57.43
582,Student_582,9.8,89,46.7,F,Pass,60.29
726,Student_726,8.6,89,47.3,F,Pass,59.51
279,Student_279,7.3,89,64.1,D,Pass,69.97
225,Student_225,3.4,89,60.3,D,Pass,63.41
482,Student_482,7.3,89,57.2,F,Pass,65.14
975,Student_975,1.3,89,81.0,B,Pass,75.8
456,Student_456,5.4,89,49.9,F,Pass,58.13
609,Student_609,5.5,88,72.4,C,Pass,73.78
68,Student_68,8.2,88,60.8,D,Pass,68.36
52,Student_52,8.0,88,99.5,A,Pass,95.25
134,Student_134,4.0,88,41.2,F,Pass,50.44
345,Student_345,4.6,88,65.3,D,Pass,67.91
473,Student_473,1.4,88,69.9,D,Pass,67.93
470,Student_470,9.7,88,67.8,D,Pass,74.76
261,Student_261,6.5,88,90.4,A,Pass,87.38
489,Student_489,9.6,88,72.0,C,Pass,77.6
958,Student_958,1.4,88,64.3,D,Pass,64.01
985,Student_985,7.6,88,69.8,D,Pass,74.06
971,Student_971,7.0,88,67.0,D,Pass,71.5
919,Student_919,7.9,88,89.7,B,Pass,88.29
93,Student_93,7.8,88,46.3,F,Pass,57.81
688,Student_688,3.5,88,88.2,B,Pass,82.84
270,Student_270,3.6,88,78.2,C,Pass,75.94
962,Student_962,6.4,88,53.6,F,Pass,61.52
605,Student_605,2.1,88,56.9,F,Pass,59.53
48,Student_48,5.7,88,76.0,C,Pass,76.5
879,Student_879,1.2,88,52.2,F,Pass,55.34
574,Student_574,6.6,88,92.3,A,Pass,88.81
105,Student_105,9.2,88,81.7,B,Pass,83.99
373,Student_373,1.8,87,44.8,F,Pass,50.56
761,Student_761,2.4,87,65.8,D,Pass,65.86
795,Student_795,1.2,87,53.1,F,Pass,55.77
968,Student_968,3.7,87,47.4,F,Pass,54.28
437,Student_437,1.7,87,44.9,F,Pass,50.53
431,Student_431,2.3,87,46.9,F,Pass,52.53
996,Student_996,1.8,87,82.4,B,Pass,76.88
709,Student_709,3.3,87,82.8,B,Pass,78.66
204,Student_204,9.1,87,57.7,F,Pass,66.89
695,Student_695,2.0,87,77.0,C,Pass,73.3
600,Student_600,1.4,87,41.1,F,Pass,47.57
414,Student_414,6.2,87,83.8,B,Pass,82.26
248,Student_248,9.7,87,86.6,B,Pass,87.72
764,Student_764,7.7,87,58.4,F,Pass,65.98
472,Student_472,9.7,87,72.3,C,Pass,77.71
647,Student_647,6.3,86,66.1,D,Pass,69.77
649,Student_649,8.1,86,76.1,C,Pass,78.57
62,Student_62,3.4,86,87.4,B,Pass,81.78
11,Student_11,1.2,86,97.5,A,Pass,86.65
182,Student_182,2.0,86,42.5,F,Pass,48.95
672,Student_672,9.1,86,48.4,F,Pass,60.18
665,Student_665,1.9,86,70.4,C,Pass,68.38
118,Student_118,2.7,86,58.4,F,Pass,60.78
555,Student_555,8.9,86,47.6,F,Pass,59.42
297,Student_297,7.9,86,48.9,F,Pass,59.33
821,Student_821,8.2,86,57.3,F,Pass,65.51
976,Student_976,3.4,86,54.5,F,Pass,58.75
616,Student_616,9.3,86,57.8,F,Pass,66.96
598,Student_598,2.6,86,85.2,B,Pass,79.44
211,Student_211,5.9,86,86.5,B,Pass,83.65
913,Student_913,6.6,86,56.7,F,Pass,63.49
130,Student_130,5.6,86,86.2,B,Pass,83.14
131,Student_131,4.8,86,40.7,F,Pass,50.49
366,Student_366,4.5,86,92.4,A,Pass,86.38
939,Student_939,2.1,86,46.7,F,Pass,51.99
974,Student_974,2.9,85,44.3,F,Pass,50.91
303,Student_303,5.9,85,83.3,B,Pass,81.21
321,Student_321,5.9,85,76.2,C,Pass,76.24
524,Student_524,8.6,85,44.8,F,Pass,56.96
589,Student_589,2.2,85,46.6,F,Pass,51.82
886,Student_886,2.6,85,98.8,A,Pass,88.76
621,Student_621,2.7,85,91.1,A,Pass,83.47
572,Student_572,8.1,85,79.2,C,Pass,80.54
264,Student_264,5.7,85,75.4,C,Pass,75.48
566,Student_566,6.3,85,81.6,B,Pass,80.42
246,Student_246,9.4,85,90.5,A,Pass,89.75
864,Student_864,5.0,85,47.8,F,Pass,55.46
918,Student_918,9.5,85,80.6,B,Pass,82.92
978,Student_978,1.5,85,89.4,B,Pass,81.08
824,Student_824,4.6,85,63.1,D,Pass,65.77
412,Student_412,9.6,85,65.1,D,Pass,72.17
842,Student_842,7.0,85,74.8,C,Pass,76.36
924,Student_924,8.2,85,84.4,B,Pass,84.28
615,Student_615,8.9,84,75.9,C,Pass,78.83
670,Student_670,3.6,84,68.3,D,Pass,68.21
793,Student_793,5.6,84,76.3,C,Pass,75.81
92,Student_92,7.4,84,66.4,D,Pass,70.68
342,Student_342,5.3,84,99.9,A,Pass,92.03
322,Student_322,7.4,84,80.6,B,Pass,80.62
49,Student_49,5.9,84,70.9,C,Pass,72.33
174,Student_174,3.0,84,78.2,C,Pass,74.54
952,Student_952,7.0,84,64.2,D,Pass,68.74
284,Student_284,1.8,84,77.0,C,Pass,72.5
860,Student_860,1.6,84,94.6,A,Pass,84.62
163,Student_163,6.7,84,58.9,F,Pass,64.73
586,Student_586,3.2,84,72.8,C,Pass,70.96
57,Student_57,1.8,84,89.0,B,Pass,80.9
543,Student_543,3.1,84,54.4,F,Pass,57.98
931,Student_931,2.3,84,76.8,C,Pass,72.86
941,Student_941,3.5,84,96.9,A,Pass,88.13
376,Student_376,3.9,84,66.2,D,Pass,67.04
798,Student_798,6.1,84,81.3,B,Pass,79.81
167,Student_167,3.9,84,90.5,A,Pass,84.05
714,Student_714,4.7,83,89.3,B,Pass,83.81
192,Student_192,9.1,83,61.0,D,Pass,68.4
201,Student_201,6.8,83,41.3,F,Pass,52.31
571,Student_571,5.6,83,58.2,F,Pass,62.94
183,Student_183,9.3,83,45.1,F,Pass,57.47
226,Student_226,3.2,83,95.7,A,Pass,86.79
478,Student_478,6.0,83,86.5,B,Pass,83.15
139,Student_139,4.3,83,52.9,F,Pass,57.93
760,Student_760,8.1,83,81.5,B,Pass,81.75
767,Student_767,7.9,83,87.9,B,Pass,86.03
281,Student_281,9.0,83,52.2,F,Pass,62.14
85,Student_85,3.8,83,48.1,F,Pass,54.07
60,Student_60,3.9,83,92.1,A,Pass,84.97
567,Student_567,4.5,83,70.8,C,Pass,70.66
375,Student_375,1.6,83,69.8,D,Pass,67.06
336,Student_336,1.4,83,59.7,F,Pass,59.79
851,Student_851,1.6,83,74.2,C,Pass,70.14
933,Student_933,9.9,83,69.3,D,Pass,75.01
293,Student_293,8.4,83,52.1,F,Pass,61.47
338,Student_338,7.3,83,45.3,F,Pass,55.61
151,Student_151,9.2,83,69.3,D,Pass,74.31
684,Student_684,7.0,83,53.1,F,Pass,60.77
238,Student_238,1.2,82,57.2,F,Pass,57.64
585,Student_585,6.7,82,91.9,A,Pass,87.43
231,Student_231,8.2,82,76.8,C,Pass,78.36
934,Student_934,5.7,82,44.7,F,Pass,53.39
546,Student_546,4.2,82,67.0,D,Pass,67.5
77,Student_77,7.9,82,85.9,B,Pass,84.43
327,Student_327,6.0,82,44.6,F,Pass,53.62
734,Student_734,5.7,82,80.7,B,Pass,78.59
926,Student_926,1.2,82,85.2,B,Pass,77.24
789,Student_789,5.2,82,44.3,F,Pass,52.61
466,Student_466,4.4,82,99.1,A,Pass,90.17
459,Student_459,1.5,82,71.2,C,Pass,67.74
454,Student_454,9.2,82,52.1,F,Pass,62.07
977,Student_977,6.4,82,82.8,B,Pass,80.76
436,Student_436,7.3,82,72.6,C,Pass,74.52
982,Student_982,7.9,82,48.6,F,Pass,58.32
461,Student_461,2.1,82,92.7,A,Pass,83.39
462,Student_462,6.8,82,92.8,A,Pass,88.16
749,Student_749,9.2,82,65.3,D,Pass,71.31
331,Student_331,4.2,81,82.5,B,Pass,78.15
970,Student_970,5.3,81,70.2,C,Pass,70.64
564,Student_564,1.1,81,56.8,F,Pass,57.06
350,Student_350,6.6,81,90.4,A,Pass,86.08
993,Student_993,3.4,81,70.7,C,Pass,69.09
173,Student_173,5.6,81,93.7,A,Pass,87.39
432,Student_432,7.9,81,91.6,A,Pass,88.22
25,Student_25,5.1,81,49.1,F,Pass,55.67
91,Student_91,2.1,81,70.4,C,Pass,67.58
708,Student_708,8.3,81,94.5,A,Pass,90.65
221,Student_221,6.9,81,84.9,B,Pass,82.53
944,Student_944,8.5,81,71.4,C,Pass,74.68
528,Student_528,3.5,81,89.1,B,Pass,82.07
258,Student_258,7.3,81,89.1,B,Pass,85.87
537,Student_537,8.6,81,89.7,B,Pass,87.59
272,Student_272,8.3,81,49.6,F,Pass,59.22
448,Student_448,7.8,81,43.7,F,Pass,54.59
292,Student_292,1.3,81,84.7,B,Pass,76.79
457,Student_457,1.1,81,59.8,F,Pass,59.16
491,Student_491,5.1,81,81.8,B,Pass,78.56
302,Student_302,5.8,81,66.9,D,Pass,68.83
791,Student_791,2.4,81,58.7,F,Pass,59.69
90,Student_90,5.2,81,58.7,F,Pass,62.49
756,Student_756,8.1,80,60.6,D,Pass,66.52
552,Student_552,8.7,80,68.3,D,Pass,72.51
881,Student_881,3.1,80,63.2,D,Pass,63.34
254,Student_254,3.9,80,42.6,F,Pass,49.72
262,Student_262,9.9,80,84.0,B,Pass,84.7
737,Student_737,4.5,80,40.6,F,Pass,48.92
46,Student_46,7.0,80,63.8,D,Pass,67.66
280,Student_280,8.2,80,88.0,B,Pass,85.8
490,Student_490,9.0,80,49.5,F,Pass,59.65
430,Student_430,2.1,80,71.4,C,Pass,68.08
689,Student_689,7.9,80,74.3,C,Pass,75.91
55,Student_55,6.4,80,95.8,A,Pass,89.46
625,Student_625,6.6,80,51.1,F,Pass,58.37
7,Student_7,1.5,80,83.8,B,Pass,76.16
635,Student_635,2.0,79,89.9,B,Pass,80.73
114,Student_114,8.3,79,70.6,C,Pass,73.52
406,Student_406,9.1,79,41.3,F,Pass,53.81
426,Student_426,5.9,79,53.5,F,Pass,59.15
465,Student_465,9.7,79,67.1,D,Pass,72.47
550,Student_550,8.0,79,61.1,D,Pass,66.57
86,Student_86,3.9,79,97.8,A,Pass,88.16
296,Student_296,5.7,79,59.6,F,Pass,63.22
47,Student_47,3.8,79,66.8,D,Pass,66.36
288,Student_288,5.9,79,73.3,C,Pass,73.01
865,Student_865,4.6,79,87.4,B,Pass,81.58
103,Student_103,3.8,79,99.7,A,Pass,89.39
109,Student_109,3.1,79,47.3,F,Pass,52.01
591,Student_591,2.2,79,42.5,F,Pass,47.75
719,Student_719,2.1,79,43.6,F,Pass,48.42
873,Student_873,6.8,79,98.9,A,Pass,91.83
260,Student_260,1.9,79,70.4,C,Pass,66.98
97,Student_97,5.7,78,79.0,C,Pass,76.6
857,Student_857,1.3,78,72.6,C,Pass,67.72
95,Student_95,7.9,78,53.0,F,Pass,60.6
44,Student_44,9.2,78,73.2,C,Pass,76.04
325,Student_325,9.6,78,89.5,B,Pass,87.85
398,Student_398,4.9,78,42.0,F,Pass,49.9
268,Student_268,7.3,78,81.3,B,Pass,79.81
72,Student_72,2.8,78,48.0,F,Pass,52.0
145,Student_145,3.6,78,69.3,D,Pass,67.71
787,Student_787,6.3,78,78.2,C,Pass,76.64
527,Student_527,4.7,78,91.5,A,Pass,84.35
544,Student_544,7.0,78,48.5,F,Pass,56.55
298,Student_298,2.9,78,58.3,F,Pass,59.31
319,Student_319,2.4,78,73.7,C,Pass,69.59
707,Student_707,3.9,78,64.7,D,Pass,64.79
362,Student_362,6.8,78,57.9,F,Pass,62.93
347,Student_347,6.7,78,87.1,B,Pass,83.27
339,Student_339,5.3,78,53.2,F,Pass,58.14
348,Student_348,1.4,78,47.1,F,Pass,49.97
188,Student_188,6.0,78,97.4,A,Pass,89.78
687,Student_687,6.1,78,60.3,D,Pass,63.91
390,Student_390,8.3,78,94.4,A,Pass,89.98
814,Student_814,9.3,78,47.0,F,Pass,57.8
222,Student_222,6.1,78,88.7,B,Pass,83.79
942,Student_942,6.0,77,44.3,F,Pass,52.41
540,Student_540,2.2,77,82.7,B,Pass,75.49
613,Student_613,6.7,77,68.1,D,Pass,69.77
645,Student_645,2.1,77,65.8,D,Pass,63.56
899,Student_899,1.1,77,93.0,A,Pass,81.6
859,Student_859,6.1,77,97.8,A,Pass,89.96
294,Student_294,4.2,77,97.5,A,Pass,87.85
655,Student_655,4.9,77,82.2,B,Pass,77.84
813,Student_813,2.1,77,94.0,A,Pass,83.3
187,Student_187,8.4,77,40.7,F,Pass,52.29
237,Student_237,3.5,77,78.7,C,Pass,73.99
498,Student_498,1.7,77,48.4,F,Pass,50.98
744,Student_744,5.5,77,94.1,A,Pass,86.77
557,Student_557,2.2,77,59.5,F,Pass,59.25
361,Student_361,4.5,77,71.1,C,Pass,69.67
214,Student_214,3.0,77,42.5,F,Pass,48.15
275,Student_275,5.6,76,54.8,F,Pass,59.16
306,Student_306,9.8,76,63.5,D,Pass,69.45
385,Student_385,7.6,76,44.1,F,Pass,53.67
393,Student_393,4.3,76,85.6,B,Pass,79.42
228,Student_228,4.5,76,62.3,D,Pass,63.31
357,Student_357,1.2,76,41.6,F,Pass,45.52
247,Student_247,4.9,76,83.7,B,Pass,78.69
912,Student_912,3.4,76,88.3,B,Pass,80.41
856,Student_856,2.7,76,68.5,D,Pass,65.85
992,Student_992,7.3,76,40.0,F,Pass,50.5
152,Student_152,3.2,75,49.0,F,Pass,52.5
20,Student_20,3.6,75,79.9,C,Pass,74.53
796,Student_796,8.8,75,99.3,A,Pass,93.31
468,Student_468,8.8,75,41.6,F,Pass,52.92
808,Student_808,9.3,75,49.6,F,Pass,59.02
901,Student_901,2.9,75,70.6,C,Pass,67.32
508,Student_508,8.4,75,88.2,B,Pass,85.14
65,Student_65,3.5,75,64.2,D,Pass,63.44
723,Student_723,1.6,75,63.0,D,Pass,60.7
208,Student_208,7.0,75,52.3,F,Pass,58.61
967,Student_967,7.5,75,78.9,C,Pass,77.73
743,Student_743,7.7,75,47.2,F,Pass,55.74
871,Student_871,4.4,75,48.9,F,Pass,53.63
335,Student_335,1.4,75,48.8,F,Pass,50.56
314,Student_314,9.7,75,75.3,C,Pass,77.41
474,Student_474,9.0,75,46.3,F,Pass,56.41
587,Student_587,1.7,75,62.8,D,Pass,60.66
716,Student_716,9.4,75,78.2,C,Pass,79.14
667,Student_667,3.2,75,44.3,F,Pass,49.21
31,Student_31,6.5,75,77.4,C,Pass,75.68
815,Student_815,8.8,75,97.4,A,Pass,91.98
178,Student_178,4.5,74,49.0,F,Pass,53.6
244,Student_244,4.3,74,85.3,B,Pass,78.81
816,Student_816,5.7,74,58.8,F,Pass,61.66
378,Student_378,1.2,74,85.9,B,Pass,76.13
872,Student_872,3.4,74,67.8,D,Pass,65.66
74,Student_74,8.3,74,95.4,A,Pass,89.88
104,Student_104,5.6,74,43.5,F,Pass,50.85
950,Student_950,6.4,74,43.0,F,Pass,51.3
731,Student_731,2.5,74,61.3,D,Pass,60.21
606,Student_606,5.1,74,92.4,A,Pass,84.58
841,Student_841,1.1,74,60.8,D,Pass,58.46
15,Student_15,2.6,74,72.1,C,Pass,67.87
519,Student_519,9.9,74,40.8,F,Pass,53.26
751,Student_751,2.1,74,69.2,D,Pass,65.34
140,Student_140,9.7,74,40.7,F,Pass,52.99
778,Student_778,7.5,74,62.5,D,Pass,66.05
191,Student_191,1.8,74,57.8,F,Pass,57.06
435,Student_435,1.8,74,82.5,B,Pass,74.35
17,Student_17,3.7,74,67.0,D,Pass,65.4
388,Student_388,2.6,74,55.7,F,Pass,56.39
405,Student_405,3.9,74,94.0,A,Pass,84.5
788,Student_788,4.6,74,60.4,D,Pass,61.68
685,Student_685,9.4,74,42.2,F,Pass,53.74
119,Student_119,9.0,74,77.4,C,Pass,77.98
921,Student_921,8.8,74,40.9,F,Pass,52.23
202,Student_202,1.8,73,44.9,F,Pass,47.83
127,Student_127,8.4,73,64.8,D,Pass,68.36
171,Student_171,7.1,73,78.2,C,Pass,76.44
560,Student_560,6.6,73,50.5,F,Pass,56.55
553,Student_553,6.0,73,98.7,A,Pass,89.69
4,Student_4,6.4,73,99.6,A,Pass,90.72
136,Student_136,3.9,73,85.6,B,Pass,78.42
963,Student_963,3.2,73,78.4,C,Pass,72.68
379,Student_379,8.3,73,49.5,F,Pass,57.55
282,Student_282,4.0,73,73.3,C,Pass,69.91
56,Student_56,9.3,73,47.0,F,Pass,56.8
233,Student_233,6.2,73,54.4,F,Pass,58.88
776,Student_776,2.3,73,82.3,B,Pass,74.51
400,Student_400,7.8,73,94.4,A,Pass,88.48
682,Student_682,3.3,73,40.3,F,Pass,46.11
418,Student_418,4.0,73,51.9,F,Pass,54.93
916,Student_916,4.9,73,40.5,F,Pass,47.85
905,Student_905,4.8,73,68.6,D,Pass,67.42
908,Student_908,4.1,73,81.6,B,Pass,75.82
443,Student_443,4.4,73,80.1,B,Pass,75.07
10,Student_10,7.4,72,73.7,C,Pass,73.39
697,Student_697,3.6,72,60.7,D,Pass,60.49
623,Student_623,4.3,72,75.6,C,Pass,71.62
693,Student_693,5.6,72,63.8,D,Pass,64.66
30,Student_30,1.4,72,71.3,C,Pass,65.71
592,Student_592,6.8,72,84.4,B,Pass,80.28
334,Student_334,2.0,72,66.4,D,Pass,62.88
66,Student_66,5.9,72,50.4,F,Pass,55.58
836,Student_836,4.8,72,43.5,F,Pass,49.65
771,Student_771,2.0,72,65.9,D,Pass,62.53
43,Student_43,1.3,72,96.2,A,Pass,83.04
516,Student_516,1.2,72,92.9,A,Pass,80.63
255,Student_255,2.5,72,49.9,F,Pass,51.83
160,Student_160,7.6,72,93.5,A,Pass,87.45
309,Student_309,8.2,71,40.2,F,Pass,50.54
712,Student_712,6.4,71,89.4,B,Pass,83.18
299,Student_299,6.6,71,92.6,A,Pass,85.62
535,Student_535,7.9,71,61.5,D,Pass,65.15
355,Student_355,1.6,71,61.7,D,Pass,58.99
898,Student_898,9.1,71,43.7,F,Pass,53.89
33,Student_33,1.6,71,85.3,B,Pass,75.51
416,Student_416,5.0,71,55.4,F,Pass,57.98
451,Student_451,8.0,71,67.6,D,Pass,69.52
896,Student_896,2.8,71,90.8,A,Pass,80.56
441,Student_441,1.8,71,96.7,A,Pass,83.69
937,Student_937,1.2,71,44.0,F,Pass,46.2
73,Student_73,1.0,71,91.7,A,Pass,79.39
507,Student_507,9.2,71,92.9,A,Pass,88.43
313,Student_313,1.2,71,45.6,F,Pass,47.32
469,Student_469,3.0,71,43.9,F,Pass,47.93
849,Student_849,5.5,71,92.8,A,Pass,84.66
704,Student_704,2.2,70,56.5,F,Pass,55.75
424,Student_424,5.4,70,46.8,F,Pass,52.16
897,Student_897,3.6,70,93.6,A,Pass,83.12
847,Student_847,1.8,70,64.1,D,Pass,60.67
807,Student_807,9.4,70,63.3,D,Pass,67.71
994,Student_994,6.3,70,42.8,F,Pass,50.26
835,Student_835,5.5,70,51.7,F,Pass,55.69
8,Student_8,8.8,70,67.9,D,Pass,70.33
583,Student_583,5.4,70,66.8,D,Pass,66.16
954,Student_954,9.2,70,53.9,F,Pass,60.93
363,Student_363,5.1,70,96.4,A,Pass,86.58
935,Student_935,2.5,70,64.5,D,Pass,61.65
551,Student_551,5.7,70,90.5,A,Pass,83.05
32,Student_32,2.5,70,45.3,F,Pass,48.21
785,Student_785,2.6,70,41.5,F,Pass,45.65
779,Student_779,7.5,70,50.0,F,Pass,56.5
644,Student_644,3.9,69,71.0,C,Pass,67.4
354,Student_354,2.5,69,51.1,F,Pass,52.07
453,Student_453,4.8,69,87.2,B,Pass,79.64
639,Student_639,3.4,69,94.6,A,Pass,83.42
696,Student_696,6.5,69,46.8,F,Pass,53.06
402,Student_402,9.1,69,71.9,C,Pass,73.23
411,Student_411,3.9,69,43.1,F,Pass,47.87
666,Student_666,2.4,69,78.0,C,Pass,70.8
660,Student_660,6.1,69,69.3,D,Pass,68.41
680,Student_680,8.8,69,52.4,F,Pass,59.28
144,Student_144,3.7,69,97.6,A,Pass,85.82
607,Student_607,2.9,69,46.8,F,Pass,49.46
301,Student_301,1.5,69,62.1,D,Pass,58.77
106,Student_106,3.2,69,99.0,A,Pass,86.3
499,Student_499,9.8,69,52.1,F,Pass,60.07
503,Student_503,3.8,69,49.1,F,Pass,51.97
887,Student_887,6.9,69,64.5,D,Pass,65.85
559,Student_559,7.8,69,44.2,F,Pass,52.54
367,Student_367,9.7,69,90.5,A,Pass,86.85
164,Student_164,5.8,69,81.3,B,Pass,76.51
554,Student_554,6.0,69,78.0,C,Pass,74.4
965,Student_965,3.6,68,76.2,C,Pass,70.54
369,Student_369,2.8,68,88.2,B,Pass,78.14
5,Student_5,2.4,68,79.7,C,Pass,71.79
234,Student_234,5.4,68,47.3,F,Pass,52.11
736,Student_736,8.9,68,75.6,C,Pass,75.42
287,Student_287,5.2,68,87.0,B,Pass,79.7
522,Student_522,4.4,68,83.2,B,Pass,76.24
534,Student_534,6.0,68,67.6,D,Pass,66.92
772,Student_772,8.6,68,59.1,F,Pass,63.57
765,Student_765,1.3,68,87.3,B,Pass,76.01
786,Student_786,9.2,68,78.7,C,Pass,77.89
16,Student_16,2.7,67,45.8,F,Pass,48.16
263,Student_263,2.3,67,72.5,C,Pass,66.45
866,Student_866,6.0,67,47.5,F,Pass,52.65
209,Student_209,1.0,67,47.3,F,Pass,47.51
531,Student_531,8.3,67,58.9,F,Pass,62.93
50,Student_50,2.7,67,95.2,A,Pass,82.74
315,Student_315,8.5,67,68.9,D,Pass,70.13
514,Student_514,8.8,67,78.1,C,Pass,76.87
45,Student_45,3.3,67,58.3,F,Pass,57.51
533,Student_533,10.0,67,89.3,B,Pass,85.91
76,Student_76,7.6,67,76.4,C,Pass,74.48
425,Student_425,1.5,67,49.1,F,Pass,49.27
381,Student_381,2.1,67,48.1,F,Pass,49.17
922,Student_922,5.4,67,84.3,B,Pass,77.81
768,Student_768,8.9,67,89.3,B,Pass,84.81
89,Student_89,9.0,67,65.9,D,Pass,68.53
427,Student_427,5.0,67,55.1,F,Pass,56.97
117,Student_117,8.2,67,76.9,C,Pass,75.43
169,Student_169,1.4,67,94.1,A,Pass,80.67
721,Student_721,9.4,67,81.2,B,Pass,79.64
955,Student_955,4.8,67,56.9,F,Pass,58.03
581,Student_581,5.1,67,73.6,C,Pass,70.02
389,Student_389,7.8,66,54.8,F,Pass,59.36
9,Student_9,6.4,66,43.6,F,Pass,50.12
359,Student_359,9.5,66,89.9,B,Pass,85.63
341,Student_341,5.4,66,84.1,B,Pass,77.47
217,Student_217,3.9,66,57.6,F,Pass,57.42
722,Student_722,2.6,66,46.9,F,Pass,48.63
278,Student_278,6.8,66,46.0,F,Pass,52.2
611,Student_611,1.4,66,54.5,F,Pass,52.75
170,Student_170,6.3,66,67.7,D,Pass,66.89
29,Student_29,6.3,66,90.5,A,Pass,82.85
53,Student_53,9.5,66,91.1,A,Pass,86.47
422,Student_422,8.1,66,76.5,C,Pass,74.85
409,Student_409,9.1,66,73.6,C,Pass,73.82
445,Student_445,8.3,66,64.7,D,Pass,66.79
307,Student_307,5.6,66,64.8,D,Pass,64.16
310,Student_310,3.4,66,77.2,C,Pass,70.64
936,Student_936,3.5,66,64.4,D,Pass,61.78
27,Student_27,2.8,65,95.6,A,Pass,82.72
78,Student_78,1.7,65,50.5,F,Pass,50.05
862,Student_862,5.1,65,72.0,C,Pass,68.5
3,Student_3,7.6,65,80.2,B,Pass,76.74
504,Student_504,8.3,65,66.4,D,Pass,67.78
738,Student_738,8.3,65,78.2,C,Pass,76.04
450,Student_450,1.8,65,88.4,B,Pass,76.68
699,Student_699,2.4,65,92.5,A,Pass,80.15
909,Student_909,3.3,65,48.1,F,Pass,49.97
99,Student_99,1.2,65,43.7,F,Pass,44.79
384,Student_384,8.9,65,97.4,A,Pass,90.08
838,Student_838,4.3,65,56.2,F,Pass,56.64
365,Student_365,9.5,65,65.8,D,Pass,68.56
630,Student_630,3.3,65,75.0,C,Pass,68.8
12,Student_12,9.7,65,50.5,F,Pass,58.05
69,Student_69,1.7,64,98.5,A,Pass,83.45
19,Student_19,4.9,64,60.9,D,Pass,60.33
123,Student_123,3.9,64,93.2,A,Pass,81.94
570,Student_570,4.1,64,42.0,F,Pass,46.3
940,Student_940,6.2,64,88.5,B,Pass,80.95
545,Student_545,6.6,64,60.9,D,Pass,62.03
125,Student_125,3.1,64,51.7,F,Pass,52.09
784,Student_784,4.1,64,49.3,F,Pass,51.41
203,Student_203,2.5,64,98.1,A,Pass,83.97
196,Student_196,4.1,64,50.4,F,Pass,52.18
903,Student_903,2.6,64,95.6,A,Pass,82.32
584,Student_584,4.0,64,67.6,D,Pass,64.12
404,Student_404,8.4,64,60.8,D,Pass,63.76
822,Student_822,1.0,64,97.7,A,Pass,82.19
374,Student_374,7.1,64,83.7,B,Pass,78.49
449,Student_449,4.4,64,70.8,C,Pass,66.76
295,Student_295,2.1,64,62.1,D,Pass,58.37
840,Student_840,6.7,64,73.5,C,Pass,70.95
346,Student_346,6.5,64,78.2,C,Pass,74.04
392,Student_392,4.7,64,56.3,F,Pass,56.91
825,Student_825,5.8,64,60.4,D,Pass,60.88
477,Student_477,1.7,64,62.8,D,Pass,58.46
780,Student_780,6.8,64,65.8,D,Pass,65.66
330,Student_330,3.2,64,87.1,B,Pass,76.97
36,Student_36,8.3,64,86.9,B,Pass,81.93
382,Student_382,7.3,64,85.1,B,Pass,79.67
845,Student_845,2.3,64,77.6,C,Pass,69.42
657,Student_657,3.6,64,70.7,C,Pass,65.89
595,Student_595,9.1,63,91.5,A,Pass,85.75
852,Student_852,7.7,63,77.2,C,Pass,74.34
54,Student_54,9.1,63,52.5,F,Pass,58.45
353,Student_353,6.9,63,75.3,C,Pass,72.21
407,Student_407,4.5,63,79.8,C,Pass,72.96
677,Student_677,2.0,63,51.8,F,Pass,50.86
739,Student_739,5.0,63,94.8,A,Pass,83.96
181,Student_181,4.1,63,80.8,B,Pass,73.26
512,Student_512,4.8,63,99.0,A,Pass,86.7
801,Student_801,7.4,63,41.7,F,Pass,49.19
266,Student_266,7.7,63,57.9,F,Pass,60.83
113,Student_113,9.4,63,43.7,F,Pass,52.59
604,Student_604,1.8,63,89.8,B,Pass,77.26
629,Student_629,1.3,63,42.1,F,Pass,43.37
948,Student_948,9.1,63,87.7,B,Pass,83.09
596,Student_596,5.3,63,57.5,F,Pass,58.15
35,Student_35,9.7,63,89.6,B,Pass,85.02
662,Student_662,9.9,63,97.0,A,Pass,90.4
317,Student_317,4.7,63,43.9,F,Pass,48.03
273,Student_273,8.8,62,67.7,D,Pass,68.59
343,Student_343,2.6,62,96.0,A,Pass,82.2
869,Student_869,8.8,62,92.6,A,Pass,86.02
267,Student_267,7.3,62,73.9,C,Pass,71.43
229,Student_229,9.0,62,65.9,D,Pass,67.53
518,Student_518,8.3,62,49.7,F,Pass,55.49
769,Student_769,4.1,62,91.5,A,Pass,80.55
753,Student_753,6.6,62,42.6,F,Pass,48.82
464,Student_464,6.3,62,54.3,F,Pass,56.71
895,Student_895,7.0,62,66.3,D,Pass,65.81
176,Student_176,2.6,62,44.0,F,Pass,45.8
467,Student_467,3.6,62,86.3,B,Pass,76.41
848,Student_848,10.0,62,99.6,A,Pass,92.12
216,Student_216,3.1,62,87.9,B,Pass,77.03
241,Student_241,9.5,62,90.8,A,Pass,85.46
880,Student_880,3.0,62,85.7,B,Pass,75.39
213,Student_213,6.9,62,71.8,C,Pass,69.56
87,Student_87,7.6,62,73.0,C,Pass,71.1
138,Student_138,7.3,62,72.1,C,Pass,70.17
949,Student_949,8.9,62,82.4,B,Pass,78.98
755,Student_755,2.3,62,73.5,C,Pass,66.15
75,Student_75,7.4,62,69.2,D,Pass,68.24
88,Student_88,6.7,62,97.9,A,Pass,87.63
18,Student_18,5.7,61,85.4,B,Pass,77.68
2,Student_2,9.6,61,60.0,D,Pass,63.8
129,Student_129,1.1,61,84.0,B,Pass,72.1
650,Student_650,5.5,61,93.6,A,Pass,83.22
642,Student_642,3.9,61,92.7,A,Pass,80.99
548,Student_548,7.0,61,79.1,C,Pass,74.57
678,Student_678,4.6,61,76.6,C,Pass,70.42
380,Student_380,3.5,61,76.6,C,Pass,69.32
308,Student_308,3.9,61,81.7,B,Pass,73.29
620,Student_620,7.7,61,94.2,A,Pass,85.84
817,Student_817,6.3,61,93.3,A,Pass,83.81
320,Student_320,3.3,61,73.6,C,Pass,67.02
323,Student_323,6.9,61,88.3,B,Pass,80.91
269,Student_269,4.2,61,92.4,A,Pass,81.08
446,Student_446,9.5,61,79.1,C,Pass,77.07
517,Student_517,4.4,61,65.6,D,Pass,62.52
728,Student_728,8.2,61,85.1,B,Pass,79.97
193,Student_193,9.1,61,86.5,B,Pass,81.85
578,Student_578,9.3,61,55.6,F,Pass,60.42
515,Student_515,1.4,61,50.0,F,Pass,48.6
494,Student_494,2.7,61,91.4,A,Pass,78.88
782,Student_782,5.9,61,93.4,A,Pass,83.48
634,Student_634,5.8,61,43.8,F,Pass,48.66
961,Student_961,1.7,60,68.6,D,Pass,61.72
945,Student_945,2.9,60,58.0,F,Pass,55.5
356,Student_356,6.8,60,60.1,D,Pass,60.87
326,Student_326,7.6,60,69.9,D,Pass,68.53
797,Student_797,9.4,60,67.2,D,Pass,68.44
843,Student_843,2.6,60,48.4,F,Pass,48.48
333,Student_333,1.1,60,71.0,C,Pass,62.8
874,Student_874,4.7,60,69.0,D,Pass,65.0
433,Student_433,6.6,60,83.4,B,Pass,76.98
420,Student_420,7.8,60,67.8,D,Pass,67.26
349,Student_349,4.4,60,64.6,D,Pass,61.62
440,Student_440,1.7,60,49.9,F,Pass,48.63
483,Student_483,5.1,60,87.6,B,Pass,78.42
513,Student_513,9.4,60,80.1,B,Pass,77.47
626,Student_626,4.3,60,44.7,F,Pass,47.59
758,Student_758,5.8,60,79.1,C,Pass,73.17
200,Student_200,8.0,60,55.9,F,Pass,59.13
774,Student_774,4.6,60,62.3,D,Pass,60.21
502,Student_502,5.8,60,79.3,C,Pass,73.31
184,Student_184,8.9,60,83.0,B,Pass,79.0
455,Student_455,2.0,59,55.5,F,Pass,52.65
904,Student_904,6.2,59,41.1,F,Pass,46.77
257,Student_257,9.4,59,83.6,B,Pass,79.72
718,Student_718,9.7,59,55.5,F,Pass,60.35
627,Student_627,5.2,59,54.4,F,Pass,55.08
102,Student_102,6.7,59,43.5,F,Pass,48.95
631,Student_631,7.4,59,99.7,A,Pass,88.99
946,Student_946,1.1,59,44.6,F,Pass,44.12
541,Student_541,9.6,59,89.6,B,Pass,84.12
149,Student_149,1.5,59,90.7,A,Pass,76.79
878,Student_878,6.9,59,57.1,F,Pass,58.67
802,Student_802,2.4,59,70.3,C,Pass,63.41
311,Student_311,5.0,59,61.3,D,Pass,59.71
290,Student_290,6.3,59,85.7,B,Pass,78.09
920,Student_920,2.3,59,57.7,F,Pass,54.49
26,Student_26,8.1,59,99.5,A,Pass,89.55
486,Student_486,9.1,58,87.9,B,Pass,82.23
947,Student_947,2.2,58,70.0,C,Pass,62.8
124,Student_124,2.0,58,67.0,D,Pass,60.5
664,Student_664,3.1,58,84.6,B,Pass,73.92
980,Student_980,6.4,58,73.2,C,Pass,69.24
38,Student_38,1.9,58,42.2,F,Pass,43.04
805,Student_805,4.8,58,42.3,F,Pass,46.01
488,Student_488,3.5,58,94.9,A,Pass,81.53
162,Student_162,6.7,58,87.2,B,Pass,79.34
189,Student_189,5.8,58,84.3,B,Pass,76.41
195,Student_195,4.1,58,51.1,F,Pass,51.47
902,Student_902,1.2,58,77.6,C,Pass,67.12
748,Student_748,5.9,58,40.7,F,Pass,45.99
754,Student_754,4.0,58,47.4,F,Pass,48.78
413,Student_413,9.6,58,55.6,F,Pass,60.12
900,Student_900,1.8,58,66.9,D,Pass,60.23
179,Student_179,9.4,58,84.2,B,Pass,79.94
14,Student_14,2.9,57,52.1,F,Pass,50.77
6,Student_6,2.4,57,73.5,C,Pass,65.25
588,Student_588,2.2,57,98.6,A,Pass,82.62
706,Student_706,9.9,57,65.3,D,Pass,67.01
702,Student_702,1.5,57,99.6,A,Pass,82.62
724,Student_724,7.7,57,67.4,D,Pass,66.28
730,Student_730,2.5,57,44.8,F,Pass,45.26
526,Student_526,5.2,57,51.2,F,Pass,52.44
205,Student_205,6.5,57,86.2,B,Pass,78.24
907,Student_907,8.4,57,83.4,B,Pass,78.18
495,Student_495,5.2,57,94.4,A,Pass,82.68
496,Student_496,4.2,57,56.6,F,Pass,55.22
439,Student_439,7.4,57,69.1,D,Pass,67.17
143,Student_143,5.5,57,88.1,B,Pass,78.57
799,Student_799,7.3,57,48.4,F,Pass,52.58
423,Student_423,1.8,57,61.0,D,Pass,55.9
419,Student_419,7.1,57,73.9,C,Pass,70.23
809,Student_809,5.1,57,41.4,F,Pass,45.48
861,Student_861,8.0,57,83.3,B,Pass,77.71
391,Student_391,9.9,57,55.0,F,Pass,59.8
386,Student_386,8.2,57,43.4,F,Pass,49.98
981,Student_981,4.0,57,71.2,C,Pass,65.24
41,Student_41,2.1,57,61.6,D,Pass,56.62
640,Student_640,4.4,57,80.2,B,Pass,71.94
997,Student_997,9.3,57,43.8,F,Pass,51.36
995,Student_995,4.2,57,56.6,F,Pass,55.22
28,Student_28,5.6,56,72.4,C,Pass,67.48
34,Student_34,9.5,56,47.7,F,Pass,54.09
37,Student_37,3.7,56,82.5,B,Pass,72.65
882,Student_882,7.0,56,70.7,C,Pass,67.69
408,Student_408,1.1,56,97.8,A,Pass,80.76
396,Student_396,9.4,56,43.9,F,Pass,51.33
875,Student_875,1.2,56,91.8,A,Pass,76.66
289,Student_289,3.6,56,40.3,F,Pass,43.01
324,Student_324,3.5,56,56.2,F,Pass,54.04
249,Student_249,9.7,56,79.4,C,Pass,76.48
501,Student_501,7.3,56,93.6,A,Pass,84.02
953,Student_953,2.6,56,57.7,F,Pass,54.19
943,Student_943,6.9,56,97.3,A,Pass,86.21
547,Student_547,2.0,56,84.9,B,Pass,72.63
777,Student_777,3.1,56,81.3,B,Pass,71.21
783,Student_783,3.3,56,60.8,D,Pass,57.06
812,Student_812,8.6,55,57.4,F,Pass,59.78
328,Student_328,6.5,55,43.5,F,Pass,47.95
368,Student_368,9.1,55,51.2,F,Pass,55.94
671,Student_671,2.6,55,42.7,F,Pass,43.49
983,Student_983,2.0,55,86.5,B,Pass,73.55
210,Student_210,2.4,55,76.9,C,Pass,67.23
485,Student_485,6.3,55,78.1,C,Pass,71.97
286,Student_286,1.3,55,61.3,D,Pass,55.21
232,Student_232,5.5,55,96.6,A,Pass,84.12
487,Student_487,1.4,55,63.8,D,Pass,57.06
532,Student_532,10.0,55,68.3,D,Pass,68.81
506,Student_506,2.5,55,45.0,F,Pass,45.0
133,Student_133,2.1,55,68.9,D,Pass,61.33
573,Student_573,4.6,55,96.3,A,Pass,83.01
610,Student_610,7.2,55,45.8,F,Pass,50.26
747,Student_747,4.5,55,48.5,F,Pass,49.45
156,Student_156,3.2,55,62.6,D,Pass,58.02
829,Student_829,7.6,55,72.5,C,Pass,69.35
766,Student_766,6.1,55,66.8,D,Pass,63.86
658,Student_658,4.3,55,46.3,F,Pass,47.71
818,Student_818,4.6,54,76.2,C,Pass,68.74
206,Student_206,1.1,54,77.5,C,Pass,66.15
199,Student_199,9.0,54,85.9,B,Pass,79.93
617,Student_617,1.5,54,58.0,F,Pass,52.9
599,Student_599,2.7,54,88.3,B,Pass,75.31
158,Student_158,7.9,54,67.6,D,Pass,66.02
215,Student_215,7.4,54,98.1,A,Pass,86.87
107,Student_107,4.7,54,54.4,F,Pass,53.58
741,Student_741,5.2,54,92.4,A,Pass,80.68
673,Student_673,1.7,54,56.6,F,Pass,52.12
990,Student_990,8.4,54,84.9,B,Pass,78.63
370,Student_370,1.6,54,67.5,D,Pass,59.65
928,Student_928,5.9,54,79.5,C,Pass,72.35
710,Student_710,7.1,54,76.5,C,Pass,71.45
638,Student_638,3.2,54,45.6,F,Pass,45.92
250,Student_250,8.7,54,50.6,F,Pass,54.92
305,Student_305,7.5,53,75.6,C,Pass,71.02
71,Student_71,8.0,53,89.3,B,Pass,81.11
340,Student_340,1.9,53,75.9,C,Pass,65.63
870,Student_870,9.5,53,96.6,A,Pass,87.72
888,Student_888,3.1,53,89.7,B,Pass,76.49
128,Student_128,8.7,53,89.7,B,Pass,82.09
116,Student_116,8.8,53,88.8,B,Pass,81.56
142,Student_142,3.3,53,98.6,A,Pass,82.92
505,Student_505,7.2,53,76.9,C,Pass,71.63
986,Student_986,5.5,53,57.1,F,Pass,56.07
853,Student_853,2.9,53,52.1,F,Pass,49.97
846,Student_846,4.7,53,69.3,D,Pass,63.81
966,Student_966,4.2,53,61.5,D,Pass,57.85
300,Student_300,1.8,53,99.8,A,Pass,82.26
556,Student_556,4.6,53,80.6,B,Pass,71.62
914,Student_914,4.7,53,52.6,F,Pass,52.12
180,Student_180,2.2,53,70.7,C,Pass,62.29
733,Student_733,7.0,53,80.1,B,Pass,73.67
759,Student_759,9.0,53,90.7,A,Pass,83.09
763,Student_763,3.2,53,56.5,F,Pass,53.35
111,Student_111,3.6,52,46.1,F,Pass,46.27
979,Student_979,5.5,52,88.2,B,Pass,77.64
358,Student_358,6.3,52,41.5,F,Pass,45.75
999,Student_999,9.6,52,40.2,F,Pass,48.14
484,Student_484,6.6,52,74.7,C,Pass,69.29
61,Student_61,4.5,52,88.4,B,Pass,76.78
956,Student_956,4.4,52,88.2,B,Pass,76.54
172,Student_172,1.1,52,79.6,C,Pass,67.22
186,Student_186,6.9,52,44.3,F,Pass,48.31
190,Student_190,3.2,52,61.2,D,Pass,56.44
509,Student_509,9.5,52,70.3,C,Pass,69.11
224,Student_224,4.3,52,47.7,F,Pass,48.09
628,Student_628,7.7,52,87.7,B,Pass,79.49
155,Student_155,9.9,52,68.6,D,Pass,68.32
371,Student_371,1.9,52,69.0,D,Pass,60.6
397,Student_397,8.7,52,69.3,D,Pass,67.61
806,Student_806,7.6,52,41.9,F,Pass,47.33
539,Student_539,5.1,52,50.4,F,Pass,50.78
579,Student_579,5.4,52,94.4,A,Pass,81.88
597,Student_597,7.0,51,94.6,A,Pass,83.42
460,Student_460,2.1,51,52.3,F,Pass,48.91
417,Student_417,3.6,51,79.3,C,Pass,69.31
608,Student_608,4.3,51,82.2,B,Pass,72.04
569,Student_569,9.1,51,52.8,F,Pass,56.26
867,Student_867,2.4,51,87.7,B,Pass,73.99
351,Student_351,5.5,51,63.0,D,Pass,59.8
663,Student_663,6.5,51,76.0,C,Pass,69.9
265,Student_265,8.9,51,70.5,C,Pass,68.45
989,Student_989,3.2,51,43.3,F,Pass,43.71
811,Student_811,9.9,51,67.5,D,Pass,67.35
271,Student_271,8.3,51,85.7,B,Pass,78.49
803,Student_803,6.2,51,97.8,A,Pass,84.86
745,Student_745,3.1,51,44.0,F,Pass,44.1
82,Student_82,6.6,51,62.1,D,Pass,60.27
614,Student_614,1.7,51,58.1,F,Pass,52.57
669,Student_669,2.7,50,61.7,D,Pass,55.89
312,Student_312,1.7,50,87.7,B,Pass,73.09
890,Student_890,3.2,50,74.4,C,Pass,65.28
372,Student_372,1.2,50,48.0,F,Pass,44.8
781,Student_781,7.2,50,48.6,F,Pass,51.22
775,Student_775,8.2,50,76.1,C,Pass,71.47
618,Student_618,3.5,50,84.6,B,Pass,72.72
108,Student_108,7.8,50,48.5,F,Pass,51.75
735,Student_735,4.2,50,61.7,D,Pass,57.39
643,Student_643,2.9,50,74.3,C,Pass,64.91
705,Student_705,1.6,50,63.7,D,Pass,56.19
637,Student_637,5.8,50,46.9,F,Pass,48.63
715,Student_715,4.1,50,40.1,F,Pass,42.17
121,Student_121,8.3,50,65.6,D,Pass,64.22
